Timestamp,Left.GazeOriginValidity,Left.GazeOriginFromEyeTrackerMm.X,Left.GazeOriginFromEyeTrackerMm.Y,Left.GazeOriginFromEyeTrackerMm.Z,Left.GazeOriginInTrackBoxNormalized.X,Left.GazeOriginInTrackBoxNormalized.Y,Left.GazeOriginInTrackBoxNormalized.Z,Left.GazePointValidity,Left.GazePointFromEyeTrackerMm.X,Left.GazePointFromEyeTrackerMm.Y,Left.GazePointFromEyeTrackerMm.Z,Left.GazePointOnDisplayNormalized.X,Left.GazePointOnDisplayNormalized.Y,Left.EyeballCenterValidity,Left.EyeballCenterFromEyeTrackerMm.X,Left.EyeballCenterFromEyeTrackerMm.Y,Left.EyeballCenterFromEyeTrackerMm.Z,Left.PupilValidity,Left.PupilDiameterMm,Right.GazeOriginValidity,Right.GazeOriginFromEyeTrackerMm.X,Right.GazeOriginFromEyeTrackerMm.Y,Right.GazeOriginFromEyeTrackerMm.Z,Right.GazeOriginInTrackBoxNormalized.X,Right.GazeOriginInTrackBoxNormalized.Y,Right.GazeOriginInTrackBoxNormalized.Z,Right.GazePointValidity,Right.GazePointFromEyeTrackerMm.X,Right.GazePointFromEyeTrackerMm.Y,Right.GazePointFromEyeTrackerMm.Z,Right.GazePointOnDisplayNormalized.X,Right.GazePointOnDisplayNormalized.Y,Right.EyeballCenterValidity,Right.EyeballCenterFromEyeTrackerMm.X,Right.EyeballCenterFromEyeTrackerMm.Y,Right.EyeballCenterFromEyeTrackerMm.Z,Right.PupilValidity,Right.PupilDiameterMm
2021-10-25 12:25:41.314,False,0,0,0,0,0,0,True,0,0,0,0.34447387,0.36021858,False,0,0,0,False,0,False,0,0,0,0,0,0,False,0,0,0,0,0,False,0,0,0,False,0
2021-10-25 12:25:41.343,False,0,0,0,0,0,0,True,0,0,0,0.34430212,0.3604284,False,0,0,0,False,0,False,0,0,0,0,0,0,False,0,0,0,0,0,False,0,0,0,False,0
2021-10-25 12:25:41.373,False,0,0,0,0,0,0,True,0,0,0,0.3441751,0.3607498,False,0,0,0,False,0,False,0,0,0,0,0,0,False,0,0,0,0,0,False,0,0,0,False,0
2021-10-25 12:25:41.404,False,0,0,0,0,0,0,True,0,0,0,0.3441798,0.36091933,False,0,0,0,False,0,False,0,0,0,0,0,0,False,0,0,0,0,0,False,0,0,0,False,0
2021-10-25 12:25:41.434,False,0,0,0,0,0,0,True,0,0,0,0.34421042,0.36094865,False,0,0,0,False,0,False,0,0,0,0,0,0,False,0,0,0,0,0,False,0,0,0,False,0
2021-10-25 12:25:41.464,False,0,0,0,0,0,0,True,0,0,0,0.34417248,0.36091396,False,0,0,0,False,0,False,0,0,0,0,0,0,False,0,0,0,0,0,False,0,0,0,False,0
2021-10-25 12:25:41.494,False,0,0,0,0,0,0,True,0,0,0,0.34409708,0.36098534,False,0,0,0,False,0,False,0,0,0,0,0,0,False,0,0,0,0,0,False,0,0,0,False,0
2021-10-25 12:25:41.525,False,0,0,0,0,0,0,True,0,0,0,0.34400097,0.3608724,False,0,0,0,False,0,False,0,0,0,0,0,0,False,0,0,0,0,0,False,0,0,0,False,0
2021-10-25 12:25:41.555,False,0,0,0,0,0,0,True,0,0,0,0.34390414,0.36089534,False,0,0,0,False,0,False,0,0,0,0,0,0,False,0,0,0,0,0,False,0,0,0,False,0
2021-10-25 12:25:41.585,False,0,0,0,0,0,0,True,0,0,0,0.34375808,0.36095333,False,0,0,0,False,0,False,0,0,0,0,0,0,False,0,0,0,0,0,False,0,0,0,False,0
2021-10-25 12:25:41.615,False,0,0,0,0,0,0,True,0,0,0,0.34366816,0.36104408,False,0,0,0,False,0,False,0,0,0,0,0,0,False,0,0,0,0,0,False,0,0,0,False,0
2021-10-25 12:25:41.645,False,0,0,0,0,0,0,True,0,0,0,0.34361166,0.36113453,False,0,0,0,False,0,False,0,0,0,0,0,0,False,0,0,0,0,0,False,0,0,0,False,0
2021-10-25 12:25:41.675,False,0,0,0,0,0,0,True,0,0,0,0.34360814,0.36114222,False,0,0,0,False,0,False,0,0,0,0,0,0,False,0,0,0,0,0,False,0,0,0,False,0
2021-10-25 12:25:41.706,False,0,0,0,0,0,0,True,0,0,0,0.34419793,0.36172104,False,0,0,0,False,0,False,0,0,0,0,0,0,False,0,0,0,0,0,False,0,0,0,False,0
2021-10-25 12:25:41.736,False,0,0,0,0,0,0,True,0,0,0,0.34513974,0.36221313,False,0,0,0,False,0,False,0,0,0,0,0,0,False,0,0,0,0,0,False,0,0,0,False,0
2021-10-25 12:25:41.766,False,0,0,0,0,0,0,True,0,0,0,0.3460893,0.36260027,False,0,0,0,False,0,False,0,0,0,0,0,0,False,0,0,0,0,0,False,0,0,0,False,0
2021-10-25 12:25:41.796,False,0,0,0,0,0,0,True,0,0,0,0.34720784,0.3633159,False,0,0,0,False,0,False,0,0,0,0,0,0,False,0,0,0,0,0,False,0,0,0,False,0
2021-10-25 12:25:41.827,False,0,0,0,0,0,0,True,0,0,0,0.34857595,0.36395425,False,0,0,0,False,0,False,0,0,0,0,0,0,False,0,0,0,0,0,False,0,0,0,False,0
2021-10-25 12:25:41.856,False,0,0,0,0,0,0,True,0,0,0,0.34988573,0.36437404,False,0,0,0,False,0,False,0,0,0,0,0,0,False,0,0,0,0,0,False,0,0,0,False,0
2021-10-25 12:25:41.887,False,0,0,0,0,0,0,True,0,0,0,0.3509476,0.36507857,False,0,0,0,False,0,False,0,0,0,0,0,0,False,0,0,0,0,0,False,0,0,0,False,0
2021-10-25 12:25:41.917,False,0,0,0,0,0,0,True,0,0,0,0.35180753,0.36552405,False,0,0,0,False,0,False,0,0,0,0,0,0,False,0,0,0,0,0,False,0,0,0,False,0
2021-10-25 12:25:41.947,False,0,0,0,0,0,0,True,0,0,0,0.35241628,0.364951,False,0,0,0,False,0,False,0,0,0,0,0,0,False,0,0,0,0,0,False,0,0,0,False,0
2021-10-25 12:25:41.977,False,0,0,0,0,0,0,True,0,0,0,0.35293132,0.36456174,False,0,0,0,False,0,False,0,0,0,0,0,0,False,0,0,0,0,0,False,0,0,0,False,0
2021-10-25 12:25:42.008,False,0,0,0,0,0,0,True,0,0,0,0.35352838,0.3649948,False,0,0,0,False,0,False,0,0,0,0,0,0,False,0,0,0,0,0,False,0,0,0,False,0
2021-10-25 12:25:42.039,False,0,0,0,0,0,0,True,0,0,0,0.35384333,0.36536044,False,0,0,0,False,0,False,0,0,0,0,0,0,False,0,0,0,0,0,False,0,0,0,False,0
2021-10-25 12:25:42.068,False,0,0,0,0,0,0,True,0,0,0,0.3531497,0.36528903,False,0,0,0,False,0,False,0,0,0,0,0,0,False,0,0,0,0,0,False,0,0,0,False,0
2021-10-25 12:25:42.099,False,0,0,0,0,0,0,True,0,0,0,0.35265785,0.36535445,False,0,0,0,False,0,False,0,0,0,0,0,0,False,0,0,0,0,0,False,0,0,0,False,0
2021-10-25 12:25:42.129,False,0,0,0,0,0,0,True,0,0,0,0.35230684,0.3652678,False,0,0,0,False,0,False,0,0,0,0,0,0,False,0,0,0,0,0,False,0,0,0,False,0
2021-10-25 12:25:42.160,False,0,0,0,0,0,0,True,0,0,0,0.3520332,0.3652731,False,0,0,0,False,0,False,0,0,0,0,0,0,False,0,0,0,0,0,False,0,0,0,False,0
2021-10-25 12:25:42.189,False,0,0,0,0,0,0,True,0,0,0,0.35169885,0.3653065,False,0,0,0,False,0,False,0,0,0,0,0,0,False,0,0,0,0,0,False,0,0,0,False,0
2021-10-25 12:25:42.219,False,0,0,0,0,0,0,True,0,0,0,0.3512681,0.36550102,False,0,0,0,False,0,False,0,0,0,0,0,0,False,0,0,0,0,0,False,0,0,0,False,0
2021-10-25 12:25:42.250,False,0,0,0,0,0,0,True,0,0,0,0.3509593,0.36591205,False,0,0,0,False,0,False,0,0,0,0,0,0,False,0,0,0,0,0,False,0,0,0,False,0
2021-10-25 12:25:42.280,False,0,0,0,0,0,0,True,0,0,0,0.35046697,0.3660336,False,0,0,0,False,0,False,0,0,0,0,0,0,False,0,0,0,0,0,False,0,0,0,False,0
2021-10-25 12:25:42.310,False,0,0,0,0,0,0,True,0,0,0,0.35004237,0.36624694,False,0,0,0,False,0,False,0,0,0,0,0,0,False,0,0,0,0,0,False,0,0,0,False,0
2021-10-25 12:25:42.340,False,0,0,0,0,0,0,True,0,0,0,0.34964746,0.36663574,False,0,0,0,False,0,False,0,0,0,0,0,0,False,0,0,0,0,0,False,0,0,0,False,0
2021-10-25 12:25:42.370,False,0,0,0,0,0,0,True,0,0,0,0.3490791,0.36687514,False,0,0,0,False,0,False,0,0,0,0,0,0,False,0,0,0,0,0,False,0,0,0,False,0
2021-10-25 12:25:42.400,False,0,0,0,0,0,0,True,0,0,0,0.3497371,0.36708266,False,0,0,0,False,0,False,0,0,0,0,0,0,False,0,0,0,0,0,False,0,0,0,False,0
2021-10-25 12:25:42.431,False,0,0,0,0,0,0,True,0,0,0,0.35038155,0.36735278,False,0,0,0,False,0,False,0,0,0,0,0,0,False,0,0,0,0,0,False,0,0,0,False,0
2021-10-25 12:25:42.461,False,0,0,0,0,0,0,True,0,0,0,0.35107005,0.36766142,False,0,0,0,False,0,False,0,0,0,0,0,0,False,0,0,0,0,0,False,0,0,0,False,0
2021-10-25 12:25:42.491,False,0,0,0,0,0,0,True,0,0,0,0.3516987,0.36809015,False,0,0,0,False,0,False,0,0,0,0,0,0,False,0,0,0,0,0,False,0,0,0,False,0
2021-10-25 12:25:42.521,False,0,0,0,0,0,0,True,0,0,0,0.35236686,0.36836955,False,0,0,0,False,0,False,0,0,0,0,0,0,False,0,0,0,0,0,False,0,0,0,False,0
2021-10-25 12:25:42.551,False,0,0,0,0,0,0,True,0,0,0,0.35298127,0.36887726,False,0,0,0,False,0,False,0,0,0,0,0,0,False,0,0,0,0,0,False,0,0,0,False,0
2021-10-25 12:25:42.582,False,0,0,0,0,0,0,True,0,0,0,0.35348168,0.36929524,False,0,0,0,False,0,False,0,0,0,0,0,0,False,0,0,0,0,0,False,0,0,0,False,0
2021-10-25 12:25:42.612,False,0,0,0,0,0,0,True,0,0,0,0.35359263,0.36978224,False,0,0,0,False,0,False,0,0,0,0,0,0,False,0,0,0,0,0,False,0,0,0,False,0
2021-10-25 12:25:42.642,False,0,0,0,0,0,0,True,0,0,0,0.35378513,0.37018856,False,0,0,0,False,0,False,0,0,0,0,0,0,False,0,0,0,0,0,False,0,0,0,False,0
2021-10-25 12:25:42.672,False,0,0,0,0,0,0,True,0,0,0,0.3537533,0.3703593,False,0,0,0,False,0,False,0,0,0,0,0,0,False,0,0,0,0,0,False,0,0,0,False,0
2021-10-25 12:25:42.702,False,0,0,0,0,0,0,True,0,0,0,0.35381246,0.37053168,False,0,0,0,False,0,False,0,0,0,0,0,0,False,0,0,0,0,0,False,0,0,0,False,0
2021-10-25 12:25:42.732,False,0,0,0,0,0,0,True,0,0,0,0.35386878,0.37080443,False,0,0,0,False,0,False,0,0,0,0,0,0,False,0,0,0,0,0,False,0,0,0,False,0
2021-10-25 12:25:42.763,False,0,0,0,0,0,0,True,0,0,0,0.35383528,0.37040204,False,0,0,0,False,0,False,0,0,0,0,0,0,False,0,0,0,0,0,False,0,0,0,False,0
2021-10-25 12:25:42.793,False,0,0,0,0,0,0,True,0,0,0,0.35390058,0.37030995,False,0,0,0,False,0,False,0,0,0,0,0,0,False,0,0,0,0,0,False,0,0,0,False,0
2021-10-25 12:25:42.823,False,0,0,0,0,0,0,True,0,0,0,0.35389453,0.37020254,False,0,0,0,False,0,False,0,0,0,0,0,0,False,0,0,0,0,0,False,0,0,0,False,0
2021-10-25 12:25:42.854,False,0,0,0,0,0,0,True,0,0,0,0.35385284,0.3700618,False,0,0,0,False,0,False,0,0,0,0,0,0,False,0,0,0,0,0,False,0,0,0,False,0
2021-10-25 12:25:42.884,False,0,0,0,0,0,0,True,0,0,0,0.35387668,0.3644345,False,0,0,0,False,0,False,0,0,0,0,0,0,False,0,0,0,0,0,False,0,0,0,False,0
2021-10-25 12:25:42.914,False,0,0,0,0,0,0,True,0,0,0,0.35412875,0.34306934,False,0,0,0,False,0,False,0,0,0,0,0,0,False,0,0,0,0,0,False,0,0,0,False,0
2021-10-25 12:25:42.945,False,0,0,0,0,0,0,True,0,0,0,0.35437727,0.31580144,False,0,0,0,False,0,False,0,0,0,0,0,0,False,0,0,0,0,0,False,0,0,0,False,0
2021-10-25 12:25:42.974,False,0,0,0,0,0,0,True,0,0,0,0.35461593,0.2754966,False,0,0,0,False,0,False,0,0,0,0,0,0,False,0,0,0,0,0,False,0,0,0,False,0
2021-10-25 12:25:43.005,False,0,0,0,0,0,0,True,0,0,0,0.35418892,0.24343288,False,0,0,0,False,0,False,0,0,0,0,0,0,False,0,0,0,0,0,False,0,0,0,False,0
2021-10-25 12:25:43.036,False,0,0,0,0,0,0,True,0,0,0,0.35390043,0.22225036,False,0,0,0,False,0,False,0,0,0,0,0,0,False,0,0,0,0,0,False,0,0,0,False,0
2021-10-25 12:25:43.065,False,0,0,0,0,0,0,True,0,0,0,0.35327786,0.20955934,False,0,0,0,False,0,False,0,0,0,0,0,0,False,0,0,0,0,0,False,0,0,0,False,0
2021-10-25 12:25:43.096,False,0,0,0,0,0,0,True,0,0,0,0.35299164,0.20150422,False,0,0,0,False,0,False,0,0,0,0,0,0,False,0,0,0,0,0,False,0,0,0,False,0
2021-10-25 12:25:43.126,False,0,0,0,0,0,0,True,0,0,0,0.35360703,0.2004808,False,0,0,0,False,0,False,0,0,0,0,0,0,False,0,0,0,0,0,False,0,0,0,False,0
2021-10-25 12:25:43.156,False,0,0,0,0,0,0,True,0,0,0,0.35446328,0.20066231,False,0,0,0,False,0,False,0,0,0,0,0,0,False,0,0,0,0,0,False,0,0,0,False,0
2021-10-25 12:25:43.186,False,0,0,0,0,0,0,True,0,0,0,0.35460788,0.20055857,False,0,0,0,False,0,False,0,0,0,0,0,0,False,0,0,0,0,0,False,0,0,0,False,0
2021-10-25 12:25:43.217,False,0,0,0,0,0,0,True,0,0,0,0.3550747,0.20015939,False,0,0,0,False,0,False,0,0,0,0,0,0,False,0,0,0,0,0,False,0,0,0,False,0
2021-10-25 12:25:43.247,False,0,0,0,0,0,0,True,0,0,0,0.3552712,0.20003828,False,0,0,0,False,0,False,0,0,0,0,0,0,False,0,0,0,0,0,False,0,0,0,False,0
2021-10-25 12:25:43.277,False,0,0,0,0,0,0,True,0,0,0,0.35529017,0.20022413,False,0,0,0,False,0,False,0,0,0,0,0,0,False,0,0,0,0,0,False,0,0,0,False,0
2021-10-25 12:25:43.308,False,0,0,0,0,0,0,True,0,0,0,0.3557316,0.20033255,False,0,0,0,False,0,False,0,0,0,0,0,0,False,0,0,0,0,0,False,0,0,0,False,0
2021-10-25 12:25:43.337,False,0,0,0,0,0,0,True,0,0,0,0.35722932,0.20026365,False,0,0,0,False,0,False,0,0,0,0,0,0,False,0,0,0,0,0,False,0,0,0,False,0
2021-10-25 12:25:43.367,False,0,0,0,0,0,0,True,0,0,0,0.3586623,0.20030639,False,0,0,0,False,0,False,0,0,0,0,0,0,False,0,0,0,0,0,False,0,0,0,False,0
2021-10-25 12:25:43.398,False,0,0,0,0,0,0,True,0,0,0,0.35980695,0.20061904,False,0,0,0,False,0,False,0,0,0,0,0,0,False,0,0,0,0,0,False,0,0,0,False,0
2021-10-25 12:25:43.428,False,0,0,0,0,0,0,True,0,0,0,0.36067554,0.20082769,False,0,0,0,False,0,False,0,0,0,0,0,0,False,0,0,0,0,0,False,0,0,0,False,0
2021-10-25 12:25:43.458,False,0,0,0,0,0,0,True,0,0,0,0.36127552,0.20081612,False,0,0,0,False,0,False,0,0,0,0,0,0,False,0,0,0,0,0,False,0,0,0,False,0
2021-10-25 12:25:43.488,False,0,0,0,0,0,0,True,0,0,0,0.36193824,0.20048682,False,0,0,0,False,0,False,0,0,0,0,0,0,False,0,0,0,0,0,False,0,0,0,False,0
2021-10-25 12:25:43.518,False,0,0,0,0,0,0,True,0,0,0,0.3626523,0.20032385,False,0,0,0,False,0,False,0,0,0,0,0,0,False,0,0,0,0,0,False,0,0,0,False,0
2021-10-25 12:25:43.549,False,0,0,0,0,0,0,True,0,0,0,0.36329934,0.20021391,False,0,0,0,False,0,False,0,0,0,0,0,0,False,0,0,0,0,0,False,0,0,0,False,0
2021-10-25 12:25:43.579,False,0,0,0,0,0,0,True,0,0,0,0.3639499,0.20009714,False,0,0,0,False,0,False,0,0,0,0,0,0,False,0,0,0,0,0,False,0,0,0,False,0
2021-10-25 12:25:43.609,False,0,0,0,0,0,0,True,0,0,0,0.36451665,0.20009144,False,0,0,0,False,0,False,0,0,0,0,0,0,False,0,0,0,0,0,False,0,0,0,False,0
2021-10-25 12:25:43.639,False,0,0,0,0,0,0,True,0,0,0,0.36492783,0.1998069,False,0,0,0,False,0,False,0,0,0,0,0,0,False,0,0,0,0,0,False,0,0,0,False,0
2021-10-25 12:25:43.670,False,0,0,0,0,0,0,True,0,0,0,0.3654101,0.2000936,False,0,0,0,False,0,False,0,0,0,0,0,0,False,0,0,0,0,0,False,0,0,0,False,0
2021-10-25 12:25:43.700,False,0,0,0,0,0,0,True,0,0,0,0.36324877,0.21938053,False,0,0,0,False,0,False,0,0,0,0,0,0,False,0,0,0,0,0,False,0,0,0,False,0
2021-10-25 12:25:43.730,False,0,0,0,0,0,0,True,0,0,0,0.3592353,0.25499478,False,0,0,0,False,0,False,0,0,0,0,0,0,False,0,0,0,0,0,False,0,0,0,False,0
2021-10-25 12:25:43.760,False,0,0,0,0,0,0,True,0,0,0,0.35531142,0.28707784,False,0,0,0,False,0,False,0,0,0,0,0,0,False,0,0,0,0,0,False,0,0,0,False,0
2021-10-25 12:25:43.790,False,0,0,0,0,0,0,True,0,0,0,0.35240275,0.3115465,False,0,0,0,False,0,False,0,0,0,0,0,0,False,0,0,0,0,0,False,0,0,0,False,0
2021-10-25 12:25:43.820,False,0,0,0,0,0,0,True,0,0,0,0.3509512,0.32747248,False,0,0,0,False,0,False,0,0,0,0,0,0,False,0,0,0,0,0,False,0,0,0,False,0
2021-10-25 12:25:43.851,False,0,0,0,0,0,0,True,0,0,0,0.34951544,0.33759183,False,0,0,0,False,0,False,0,0,0,0,0,0,False,0,0,0,0,0,False,0,0,0,False,0
2021-10-25 12:25:43.880,False,0,0,0,0,0,0,True,0,0,0,0.34871912,0.34523606,False,0,0,0,False,0,False,0,0,0,0,0,0,False,0,0,0,0,0,False,0,0,0,False,0
2021-10-25 12:25:43.911,False,0,0,0,0,0,0,True,0,0,0,0.34777153,0.3516605,False,0,0,0,False,0,False,0,0,0,0,0,0,False,0,0,0,0,0,False,0,0,0,False,0
2021-10-25 12:25:43.941,False,0,0,0,0,0,0,True,0,0,0,0.347213,0.35579515,False,0,0,0,False,0,False,0,0,0,0,0,0,False,0,0,0,0,0,False,0,0,0,False,0
2021-10-25 12:25:43.971,False,0,0,0,0,0,0,True,0,0,0,0.34725013,0.35863668,False,0,0,0,False,0,False,0,0,0,0,0,0,False,0,0,0,0,0,False,0,0,0,False,0
2021-10-25 12:25:44.002,False,0,0,0,0,0,0,True,0,0,0,0.34694257,0.35990888,False,0,0,0,False,0,False,0,0,0,0,0,0,False,0,0,0,0,0,False,0,0,0,False,0
2021-10-25 12:25:44.032,False,0,0,0,0,0,0,True,0,0,0,0.34693435,0.3601959,False,0,0,0,False,0,False,0,0,0,0,0,0,False,0,0,0,0,0,False,0,0,0,False,0
2021-10-25 12:25:44.062,False,0,0,0,0,0,0,True,0,0,0,0.34696376,0.36026672,False,0,0,0,False,0,False,0,0,0,0,0,0,False,0,0,0,0,0,False,0,0,0,False,0
2021-10-25 12:25:44.092,False,0,0,0,0,0,0,True,0,0,0,0.3471132,0.36020505,False,0,0,0,False,0,False,0,0,0,0,0,0,False,0,0,0,0,0,False,0,0,0,False,0
2021-10-25 12:25:44.123,False,0,0,0,0,0,0,True,0,0,0,0.34895712,0.3579991,False,0,0,0,False,0,False,0,0,0,0,0,0,False,0,0,0,0,0,False,0,0,0,False,0
2021-10-25 12:25:44.153,False,0,0,0,0,0,0,True,0,0,0,0.36800623,0.33900443,False,0,0,0,False,0,False,0,0,0,0,0,0,False,0,0,0,0,0,False,0,0,0,False,0
2021-10-25 12:25:44.183,False,0,0,0,0,0,0,True,0,0,0,0.41056478,0.2997799,False,0,0,0,False,0,False,0,0,0,0,0,0,False,0,0,0,0,0,False,0,0,0,False,0
2021-10-25 12:25:44.213,False,0,0,0,0,0,0,True,0,0,0,0.4470085,0.26799226,False,0,0,0,False,0,False,0,0,0,0,0,0,False,0,0,0,0,0,False,0,0,0,False,0
2021-10-25 12:25:44.243,False,0,0,0,0,0,0,True,0,0,0,0.4714897,0.2462933,False,0,0,0,False,0,False,0,0,0,0,0,0,False,0,0,0,0,0,False,0,0,0,False,0
2021-10-25 12:25:44.274,False,0,0,0,0,0,0,True,0,0,0,0.4853094,0.23310556,False,0,0,0,False,0,False,0,0,0,0,0,0,False,0,0,0,0,0,False,0,0,0,False,0
2021-10-25 12:25:44.304,False,0,0,0,0,0,0,True,0,0,0,0.49368644,0.22433853,False,0,0,0,False,0,False,0,0,0,0,0,0,False,0,0,0,0,0,False,0,0,0,False,0
2021-10-25 12:25:44.335,False,0,0,0,0,0,0,True,0,0,0,0.49863368,0.21893619,False,0,0,0,False,0,False,0,0,0,0,0,0,False,0,0,0,0,0,False,0,0,0,False,0
2021-10-25 12:25:44.365,False,0,0,0,0,0,0,True,0,0,0,0.50106174,0.2163843,False,0,0,0,False,0,False,0,0,0,0,0,0,False,0,0,0,0,0,False,0,0,0,False,0
2021-10-25 12:25:44.395,False,0,0,0,0,0,0,True,0,0,0,0.50327873,0.21437192,False,0,0,0,False,0,False,0,0,0,0,0,0,False,0,0,0,0,0,False,0,0,0,False,0
2021-10-25 12:25:44.425,False,0,0,0,0,0,0,True,0,0,0,0.5045973,0.21363355,False,0,0,0,False,0,False,0,0,0,0,0,0,False,0,0,0,0,0,False,0,0,0,False,0
2021-10-25 12:25:44.455,False,0,0,0,0,0,0,True,0,0,0,0.50554514,0.21213177,False,0,0,0,False,0,False,0,0,0,0,0,0,False,0,0,0,0,0,False,0,0,0,False,0
2021-10-25 12:25:44.485,False,0,0,0,0,0,0,True,0,0,0,0.5063083,0.21136859,False,0,0,0,False,0,False,0,0,0,0,0,0,False,0,0,0,0,0,False,0,0,0,False,0
2021-10-25 12:25:44.516,False,0,0,0,0,0,0,True,0,0,0,0.5068103,0.2116992,False,0,0,0,False,0,False,0,0,0,0,0,0,False,0,0,0,0,0,False,0,0,0,False,0
2021-10-25 12:25:44.546,False,0,0,0,0,0,0,True,0,0,0,0.50756335,0.21125364,False,0,0,0,False,0,False,0,0,0,0,0,0,False,0,0,0,0,0,False,0,0,0,False,0
2021-10-25 12:25:44.576,False,0,0,0,0,0,0,True,0,0,0,0.5072725,0.21094911,False,0,0,0,False,0,False,0,0,0,0,0,0,False,0,0,0,0,0,False,0,0,0,False,0
2021-10-25 12:25:44.606,False,0,0,0,0,0,0,True,0,0,0,0.49312115,0.20927115,False,0,0,0,False,0,False,0,0,0,0,0,0,False,0,0,0,0,0,False,0,0,0,False,0
2021-10-25 12:25:44.636,False,0,0,0,0,0,0,True,0,0,0,0.46529806,0.20562413,False,0,0,0,False,0,False,0,0,0,0,0,0,False,0,0,0,0,0,False,0,0,0,False,0
2021-10-25 12:25:44.666,False,0,0,0,0,0,0,True,0,0,0,0.43561655,0.20234111,False,0,0,0,False,0,False,0,0,0,0,0,0,False,0,0,0,0,0,False,0,0,0,False,0
2021-10-25 12:25:44.697,False,0,0,0,0,0,0,True,0,0,0,0.41131586,0.19711441,False,0,0,0,False,0,False,0,0,0,0,0,0,False,0,0,0,0,0,False,0,0,0,False,0
2021-10-25 12:25:44.727,False,0,0,0,0,0,0,True,0,0,0,0.39477587,0.19393817,False,0,0,0,False,0,False,0,0,0,0,0,0,False,0,0,0,0,0,False,0,0,0,False,0
2021-10-25 12:25:44.757,False,0,0,0,0,0,0,True,0,0,0,0.38438872,0.19157714,False,0,0,0,False,0,False,0,0,0,0,0,0,False,0,0,0,0,0,False,0,0,0,False,0
2021-10-25 12:25:44.787,False,0,0,0,0,0,0,True,0,0,0,0.37699628,0.19084588,False,0,0,0,False,0,False,0,0,0,0,0,0,False,0,0,0,0,0,False,0,0,0,False,0
2021-10-25 12:25:44.818,False,0,0,0,0,0,0,True,0,0,0,0.37170833,0.18892813,False,0,0,0,False,0,False,0,0,0,0,0,0,False,0,0,0,0,0,False,0,0,0,False,0
2021-10-25 12:25:44.848,False,0,0,0,0,0,0,True,0,0,0,0.36815786,0.18786523,False,0,0,0,False,0,False,0,0,0,0,0,0,False,0,0,0,0,0,False,0,0,0,False,0
2021-10-25 12:25:44.878,False,0,0,0,0,0,0,True,0,0,0,0.3661399,0.18954945,False,0,0,0,False,0,False,0,0,0,0,0,0,False,0,0,0,0,0,False,0,0,0,False,0
2021-10-25 12:25:44.909,False,0,0,0,0,0,0,True,0,0,0,0.36479542,0.19132224,False,0,0,0,False,0,False,0,0,0,0,0,0,False,0,0,0,0,0,False,0,0,0,False,0
2021-10-25 12:25:44.938,False,0,0,0,0,0,0,True,0,0,0,0.36409694,0.19302474,False,0,0,0,False,0,False,0,0,0,0,0,0,False,0,0,0,0,0,False,0,0,0,False,0
2021-10-25 12:25:44.969,False,0,0,0,0,0,0,True,0,0,0,0.3633597,0.19430745,False,0,0,0,False,0,False,0,0,0,0,0,0,False,0,0,0,0,0,False,0,0,0,False,0
2021-10-25 12:25:44.999,False,0,0,0,0,0,0,True,0,0,0,0.36240774,0.1951059,False,0,0,0,False,0,False,0,0,0,0,0,0,False,0,0,0,0,0,False,0,0,0,False,0
2021-10-25 12:25:45.029,False,0,0,0,0,0,0,True,0,0,0,0.3615405,0.1952722,False,0,0,0,False,0,False,0,0,0,0,0,0,False,0,0,0,0,0,False,0,0,0,False,0
2021-10-25 12:25:45.059,False,0,0,0,0,0,0,True,0,0,0,0.361143,0.19582772,False,0,0,0,False,0,False,0,0,0,0,0,0,False,0,0,0,0,0,False,0,0,0,False,0
2021-10-25 12:25:45.089,False,0,0,0,0,0,0,True,0,0,0,0.3421719,0.1963273,False,0,0,0,False,0,False,0,0,0,0,0,0,False,0,0,0,0,0,False,0,0,0,False,0
2021-10-25 12:25:45.120,False,0,0,0,0,0,0,True,0,0,0,0.29778028,0.20126976,False,0,0,0,False,0,False,0,0,0,0,0,0,False,0,0,0,0,0,False,0,0,0,False,0
2021-10-25 12:25:45.150,False,0,0,0,0,0,0,True,0,0,0,0.25908685,0.2048183,False,0,0,0,False,0,False,0,0,0,0,0,0,False,0,0,0,0,0,False,0,0,0,False,0
2021-10-25 12:25:45.180,False,0,0,0,0,0,0,True,0,0,0,0.23165376,0.20756833,False,0,0,0,False,0,False,0,0,0,0,0,0,False,0,0,0,0,0,False,0,0,0,False,0
2021-10-25 12:25:45.211,False,0,0,0,0,0,0,True,0,0,0,0.21326973,0.2086414,False,0,0,0,False,0,False,0,0,0,0,0,0,False,0,0,0,0,0,False,0,0,0,False,0
2021-10-25 12:25:45.241,False,0,0,0,0,0,0,True,0,0,0,0.20284644,0.20620891,False,0,0,0,False,0,False,0,0,0,0,0,0,False,0,0,0,0,0,False,0,0,0,False,0
2021-10-25 12:25:45.270,False,0,0,0,0,0,0,True,0,0,0,0.19501354,0.20427886,False,0,0,0,False,0,False,0,0,0,0,0,0,False,0,0,0,0,0,False,0,0,0,False,0
2021-10-25 12:25:45.301,False,0,0,0,0,0,0,True,0,0,0,0.18976414,0.20238493,False,0,0,0,False,0,False,0,0,0,0,0,0,False,0,0,0,0,0,False,0,0,0,False,0
2021-10-25 12:25:45.331,False,0,0,0,0,0,0,True,0,0,0,0.18574852,0.20005283,False,0,0,0,False,0,False,0,0,0,0,0,0,False,0,0,0,0,0,False,0,0,0,False,0
2021-10-25 12:25:45.361,False,0,0,0,0,0,0,True,0,0,0,0.18314092,0.19930728,False,0,0,0,False,0,False,0,0,0,0,0,0,False,0,0,0,0,0,False,0,0,0,False,0
2021-10-25 12:25:45.391,False,0,0,0,0,0,0,True,0,0,0,0.18207626,0.19948554,False,0,0,0,False,0,False,0,0,0,0,0,0,False,0,0,0,0,0,False,0,0,0,False,0
2021-10-25 12:25:45.422,False,0,0,0,0,0,0,True,0,0,0,0.18096298,0.19953385,False,0,0,0,False,0,False,0,0,0,0,0,0,False,0,0,0,0,0,False,0,0,0,False,0
2021-10-25 12:25:45.452,False,0,0,0,0,0,0,True,0,0,0,0.18013835,0.19907793,False,0,0,0,False,0,False,0,0,0,0,0,0,False,0,0,0,0,0,False,0,0,0,False,0
2021-10-25 12:25:45.482,False,0,0,0,0,0,0,True,0,0,0,0.17922153,0.19832297,False,0,0,0,False,0,False,0,0,0,0,0,0,False,0,0,0,0,0,False,0,0,0,False,0
2021-10-25 12:25:45.512,False,0,0,0,0,0,0,True,0,0,0,0.17850944,0.19766095,False,0,0,0,False,0,False,0,0,0,0,0,0,False,0,0,0,0,0,False,0,0,0,False,0
2021-10-25 12:25:45.542,False,0,0,0,0,0,0,True,0,0,0,0.17808217,0.19705871,False,0,0,0,False,0,False,0,0,0,0,0,0,False,0,0,0,0,0,False,0,0,0,False,0
2021-10-25 12:25:45.572,False,0,0,0,0,0,0,True,0,0,0,0.17763655,0.19661963,False,0,0,0,False,0,False,0,0,0,0,0,0,False,0,0,0,0,0,False,0,0,0,False,0
2021-10-25 12:25:45.602,False,0,0,0,0,0,0,True,0,0,0,0.177383,0.19615752,False,0,0,0,False,0,False,0,0,0,0,0,0,False,0,0,0,0,0,False,0,0,0,False,0
2021-10-25 12:25:45.633,False,0,0,0,0,0,0,True,0,0,0,0.17696932,0.19548815,False,0,0,0,False,0,False,0,0,0,0,0,0,False,0,0,0,0,0,False,0,0,0,False,0
2021-10-25 12:25:45.663,False,0,0,0,0,0,0,True,0,0,0,0.18160671,0.1983515,False,0,0,0,False,0,False,0,0,0,0,0,0,False,0,0,0,0,0,False,0,0,0,False,0
2021-10-25 12:25:45.693,False,0,0,0,0,0,0,True,0,0,0,0.21135685,0.2255688,False,0,0,0,False,0,False,0,0,0,0,0,0,False,0,0,0,0,0,False,0,0,0,False,0
2021-10-25 12:25:45.723,False,0,0,0,0,0,0,True,0,0,0,0.24888164,0.26235253,False,0,0,0,False,0,False,0,0,0,0,0,0,False,0,0,0,0,0,False,0,0,0,False,0
2021-10-25 12:25:45.753,False,0,0,0,0,0,0,True,0,0,0,0.27921075,0.29161924,False,0,0,0,False,0,False,0,0,0,0,0,0,False,0,0,0,0,0,False,0,0,0,False,0
2021-10-25 12:25:45.784,False,0,0,0,0,0,0,True,0,0,0,0.2993699,0.3103153,False,0,0,0,False,0,False,0,0,0,0,0,0,False,0,0,0,0,0,False,0,0,0,False,0
2021-10-25 12:25:45.814,False,0,0,0,0,0,0,True,0,0,0,0.31145465,0.32261777,False,0,0,0,False,0,False,0,0,0,0,0,0,False,0,0,0,0,0,False,0,0,0,False,0
2021-10-25 12:25:45.844,False,0,0,0,0,0,0,True,0,0,0,0.31798702,0.32838494,False,0,0,0,False,0,False,0,0,0,0,0,0,False,0,0,0,0,0,False,0,0,0,False,0
2021-10-25 12:25:45.874,False,0,0,0,0,0,0,True,0,0,0,0.3225978,0.33284137,False,0,0,0,False,0,False,0,0,0,0,0,0,False,0,0,0,0,0,False,0,0,0,False,0
2021-10-25 12:25:45.905,False,0,0,0,0,0,0,True,0,0,0,0.32499778,0.3356632,False,0,0,0,False,0,False,0,0,0,0,0,0,False,0,0,0,0,0,False,0,0,0,False,0
2021-10-25 12:25:45.935,False,0,0,0,0,0,0,True,0,0,0,0.3272832,0.33939534,False,0,0,0,False,0,False,0,0,0,0,0,0,False,0,0,0,0,0,False,0,0,0,False,0
2021-10-25 12:25:45.965,False,0,0,0,0,0,0,True,0,0,0,0.32904637,0.34262425,False,0,0,0,False,0,False,0,0,0,0,0,0,False,0,0,0,0,0,False,0,0,0,False,0
2021-10-25 12:25:45.995,False,0,0,0,0,0,0,True,0,0,0,0.33114195,0.3449229,False,0,0,0,False,0,False,0,0,0,0,0,0,False,0,0,0,0,0,False,0,0,0,False,0
2021-10-25 12:25:46.025,False,0,0,0,0,0,0,True,0,0,0,0.33223605,0.34592575,False,0,0,0,False,0,False,0,0,0,0,0,0,False,0,0,0,0,0,False,0,0,0,False,0
2021-10-25 12:25:46.056,False,0,0,0,0,0,0,True,0,0,0,0.33350527,0.34695303,False,0,0,0,False,0,False,0,0,0,0,0,0,False,0,0,0,0,0,False,0,0,0,False,0
2021-10-25 12:25:46.085,False,0,0,0,0,0,0,True,0,0,0,0.3335411,0.34297168,False,0,0,0,False,0,False,0,0,0,0,0,0,False,0,0,0,0,0,False,0,0,0,False,0
2021-10-25 12:25:46.116,False,0,0,0,0,0,0,True,0,0,0,0.33319598,0.3243399,False,0,0,0,False,0,False,0,0,0,0,0,0,False,0,0,0,0,0,False,0,0,0,False,0
2021-10-25 12:25:46.146,False,0,0,0,0,0,0,True,0,0,0,0.3327801,0.29383448,False,0,0,0,False,0,False,0,0,0,0,0,0,False,0,0,0,0,0,False,0,0,0,False,0
2021-10-25 12:25:46.176,False,0,0,0,0,0,0,True,0,0,0,0.33319628,0.26345888,False,0,0,0,False,0,False,0,0,0,0,0,0,False,0,0,0,0,0,False,0,0,0,False,0
2021-10-25 12:25:46.207,False,0,0,0,0,0,0,True,0,0,0,0.33358154,0.240217,False,0,0,0,False,0,False,0,0,0,0,0,0,False,0,0,0,0,0,False,0,0,0,False,0
2021-10-25 12:25:46.237,False,0,0,0,0,0,0,True,0,0,0,0.3339511,0.2249805,False,0,0,0,False,0,False,0,0,0,0,0,0,False,0,0,0,0,0,False,0,0,0,False,0
2021-10-25 12:25:46.267,False,0,0,0,0,0,0,True,0,0,0,0.33381528,0.21616718,False,0,0,0,False,0,False,0,0,0,0,0,0,False,0,0,0,0,0,False,0,0,0,False,0
2021-10-25 12:25:46.298,False,0,0,0,0,0,0,True,0,0,0,0.33373374,0.20979998,False,0,0,0,False,0,False,0,0,0,0,0,0,False,0,0,0,0,0,False,0,0,0,False,0
2021-10-25 12:25:46.328,False,0,0,0,0,0,0,True,0,0,0,0.33366746,0.20657542,False,0,0,0,False,0,False,0,0,0,0,0,0,False,0,0,0,0,0,False,0,0,0,False,0
2021-10-25 12:25:46.358,False,0,0,0,0,0,0,True,0,0,0,0.33362365,0.20434982,False,0,0,0,False,0,False,0,0,0,0,0,0,False,0,0,0,0,0,False,0,0,0,False,0
2021-10-25 12:25:46.388,False,0,0,0,0,0,0,True,0,0,0,0.33374628,0.20285699,False,0,0,0,False,0,False,0,0,0,0,0,0,False,0,0,0,0,0,False,0,0,0,False,0
2021-10-25 12:25:46.419,False,0,0,0,0,0,0,True,0,0,0,0.33505404,0.20183852,False,0,0,0,False,0,False,0,0,0,0,0,0,False,0,0,0,0,0,False,0,0,0,False,0
2021-10-25 12:25:46.449,False,0,0,0,0,0,0,True,0,0,0,0.33611172,0.20162739,False,0,0,0,False,0,False,0,0,0,0,0,0,False,0,0,0,0,0,False,0,0,0,False,0
2021-10-25 12:25:46.479,False,0,0,0,0,0,0,True,0,0,0,0.33682758,0.20126593,False,0,0,0,False,0,False,0,0,0,0,0,0,False,0,0,0,0,0,False,0,0,0,False,0
2021-10-25 12:25:46.509,False,0,0,0,0,0,0,True,0,0,0,0.3370244,0.2004376,False,0,0,0,False,0,False,0,0,0,0,0,0,False,0,0,0,0,0,False,0,0,0,False,0
2021-10-25 12:25:46.539,False,0,0,0,0,0,0,True,0,0,0,0.33246326,0.20117289,False,0,0,0,False,0,False,0,0,0,0,0,0,False,0,0,0,0,0,False,0,0,0,False,0
2021-10-25 12:25:46.569,False,0,0,0,0,0,0,True,0,0,0,0.30990982,0.20522338,False,0,0,0,False,0,False,0,0,0,0,0,0,False,0,0,0,0,0,False,0,0,0,False,0
2021-10-25 12:25:46.599,False,0,0,0,0,0,0,True,0,0,0,0.27918094,0.21078716,False,0,0,0,False,0,False,0,0,0,0,0,0,False,0,0,0,0,0,False,0,0,0,False,0
2021-10-25 12:25:46.630,False,0,0,0,0,0,0,True,0,0,0,0.25138092,0.21274585,False,0,0,0,False,0,False,0,0,0,0,0,0,False,0,0,0,0,0,False,0,0,0,False,0
2021-10-25 12:25:46.660,False,0,0,0,0,0,0,True,0,0,0,0.23004174,0.21334028,False,0,0,0,False,0,False,0,0,0,0,0,0,False,0,0,0,0,0,False,0,0,0,False,0
2021-10-25 12:25:46.691,False,0,0,0,0,0,0,True,0,0,0,0.2166148,0.21332455,False,0,0,0,False,0,False,0,0,0,0,0,0,False,0,0,0,0,0,False,0,0,0,False,0
2021-10-25 12:25:46.721,False,0,0,0,0,0,0,True,0,0,0,0.20743203,0.2128546,False,0,0,0,False,0,False,0,0,0,0,0,0,False,0,0,0,0,0,False,0,0,0,False,0
2021-10-25 12:25:46.751,False,0,0,0,0,0,0,True,0,0,0,0.19984585,0.2120449,False,0,0,0,False,0,False,0,0,0,0,0,0,False,0,0,0,0,0,False,0,0,0,False,0
2021-10-25 12:25:46.781,False,0,0,0,0,0,0,True,0,0,0,0.19550121,0.2110514,False,0,0,0,False,0,False,0,0,0,0,0,0,False,0,0,0,0,0,False,0,0,0,False,0
2021-10-25 12:25:46.811,False,0,0,0,0,0,0,True,0,0,0,0.19202489,0.20921323,False,0,0,0,False,0,False,0,0,0,0,0,0,False,0,0,0,0,0,False,0,0,0,False,0
2021-10-25 12:25:46.841,False,0,0,0,0,0,0,True,0,0,0,0.19001493,0.2088581,False,0,0,0,False,0,False,0,0,0,0,0,0,False,0,0,0,0,0,False,0,0,0,False,0
2021-10-25 12:25:46.872,False,0,0,0,0,0,0,True,0,0,0,0.18805453,0.20758195,False,0,0,0,False,0,False,0,0,0,0,0,0,False,0,0,0,0,0,False,0,0,0,False,0
2021-10-25 12:25:46.903,False,0,0,0,0,0,0,True,0,0,0,0.18650278,0.20675854,False,0,0,0,False,0,False,0,0,0,0,0,0,False,0,0,0,0,0,False,0,0,0,False,0
2021-10-25 12:25:46.932,False,0,0,0,0,0,0,True,0,0,0,0.18548724,0.20631847,False,0,0,0,False,0,False,0,0,0,0,0,0,False,0,0,0,0,0,False,0,0,0,False,0
2021-10-25 12:25:46.962,False,0,0,0,0,0,0,True,0,0,0,0.18404858,0.20517597,False,0,0,0,False,0,False,0,0,0,0,0,0,False,0,0,0,0,0,False,0,0,0,False,0
2021-10-25 12:25:46.993,False,0,0,0,0,0,0,True,0,0,0,0.1829282,0.2036838,False,0,0,0,False,0,False,0,0,0,0,0,0,False,0,0,0,0,0,False,0,0,0,False,0
2021-10-25 12:25:47.023,False,0,0,0,0,0,0,True,0,0,0,0.18171264,0.20191106,False,0,0,0,False,0,False,0,0,0,0,0,0,False,0,0,0,0,0,False,0,0,0,False,0
2021-10-25 12:25:47.052,False,0,0,0,0,0,0,True,0,0,0,0.1806173,0.20014535,False,0,0,0,False,0,False,0,0,0,0,0,0,False,0,0,0,0,0,False,0,0,0,False,0
2021-10-25 12:25:47.083,False,0,0,0,0,0,0,True,0,0,0,0.1847561,0.20207644,False,0,0,0,False,0,False,0,0,0,0,0,0,False,0,0,0,0,0,False,0,0,0,False,0
2021-10-25 12:25:47.113,False,0,0,0,0,0,0,True,0,0,0,0.20765093,0.21828046,False,0,0,0,False,0,False,0,0,0,0,0,0,False,0,0,0,0,0,False,0,0,0,False,0
2021-10-25 12:25:47.144,False,0,0,0,0,0,0,True,0,0,0,0.24400893,0.24715005,False,0,0,0,False,0,False,0,0,0,0,0,0,False,0,0,0,0,0,False,0,0,0,False,0
2021-10-25 12:25:47.174,False,0,0,0,0,0,0,True,0,0,0,0.2752694,0.2712443,False,0,0,0,False,0,False,0,0,0,0,0,0,False,0,0,0,0,0,False,0,0,0,False,0
2021-10-25 12:25:47.204,False,0,0,0,0,0,0,True,0,0,0,0.29677647,0.2862645,False,0,0,0,False,0,False,0,0,0,0,0,0,False,0,0,0,0,0,False,0,0,0,False,0
2021-10-25 12:25:47.234,False,0,0,0,0,0,0,True,0,0,0,0.31083524,0.2969765,False,0,0,0,False,0,False,0,0,0,0,0,0,False,0,0,0,0,0,False,0,0,0,False,0
2021-10-25 12:25:47.264,False,0,0,0,0,0,0,True,0,0,0,0.31891114,0.30603063,False,0,0,0,False,0,False,0,0,0,0,0,0,False,0,0,0,0,0,False,0,0,0,False,0
2021-10-25 12:25:47.294,False,0,0,0,0,0,0,True,0,0,0,0.324368,0.312544,False,0,0,0,False,0,False,0,0,0,0,0,0,False,0,0,0,0,0,False,0,0,0,False,0
2021-10-25 12:25:47.324,False,0,0,0,0,0,0,True,0,0,0,0.3274194,0.31464505,False,0,0,0,False,0,False,0,0,0,0,0,0,False,0,0,0,0,0,False,0,0,0,False,0
2021-10-25 12:25:47.355,False,0,0,0,0,0,0,True,0,0,0,0.33070934,0.3202104,False,0,0,0,False,0,False,0,0,0,0,0,0,False,0,0,0,0,0,False,0,0,0,False,0
2021-10-25 12:25:47.385,False,0,0,0,0,0,0,True,0,0,0,0.33368766,0.32420015,False,0,0,0,False,0,False,0,0,0,0,0,0,False,0,0,0,0,0,False,0,0,0,False,0
2021-10-25 12:25:47.415,False,0,0,0,0,0,0,True,0,0,0,0.33611888,0.32706362,False,0,0,0,False,0,False,0,0,0,0,0,0,False,0,0,0,0,0,False,0,0,0,False,0
2021-10-25 12:25:47.445,False,0,0,0,0,0,0,True,0,0,0,0.33780706,0.3297491,False,0,0,0,False,0,False,0,0,0,0,0,0,False,0,0,0,0,0,False,0,0,0,False,0
2021-10-25 12:25:47.475,False,0,0,0,0,0,0,True,0,0,0,0.33932745,0.33213562,False,0,0,0,False,0,False,0,0,0,0,0,0,False,0,0,0,0,0,False,0,0,0,False,0
2021-10-25 12:25:47.506,False,0,0,0,0,0,0,True,0,0,0,0.340088,0.3347894,False,0,0,0,False,0,False,0,0,0,0,0,0,False,0,0,0,0,0,False,0,0,0,False,0
2021-10-25 12:25:47.536,False,0,0,0,0,0,0,True,0,0,0,0.3409404,0.3373292,False,0,0,0,False,0,False,0,0,0,0,0,0,False,0,0,0,0,0,False,0,0,0,False,0
2021-10-25 12:25:47.566,False,0,0,0,0,0,0,True,0,0,0,0.34160352,0.3390596,False,0,0,0,False,0,False,0,0,0,0,0,0,False,0,0,0,0,0,False,0,0,0,False,0
2021-10-25 12:25:47.597,False,0,0,0,0,0,0,True,0,0,0,0.33998793,0.34293455,False,0,0,0,False,0,False,0,0,0,0,0,0,False,0,0,0,0,0,False,0,0,0,False,0
2021-10-25 12:25:47.626,False,0,0,0,0,0,0,True,0,0,0,0.3377058,0.34712797,False,0,0,0,False,0,False,0,0,0,0,0,0,False,0,0,0,0,0,False,0,0,0,False,0
2021-10-25 12:25:47.657,False,0,0,0,0,0,0,True,0,0,0,0.33600223,0.3525715,False,0,0,0,False,0,False,0,0,0,0,0,0,False,0,0,0,0,0,False,0,0,0,False,0
2021-10-25 12:25:47.687,False,0,0,0,0,0,0,True,0,0,0,0.33507377,0.35737994,False,0,0,0,False,0,False,0,0,0,0,0,0,False,0,0,0,0,0,False,0,0,0,False,0
2021-10-25 12:25:47.717,False,0,0,0,0,0,0,True,0,0,0,0.33407295,0.3604173,False,0,0,0,False,0,False,0,0,0,0,0,0,False,0,0,0,0,0,False,0,0,0,False,0
2021-10-25 12:25:47.747,False,0,0,0,0,0,0,True,0,0,0,0.33323944,0.3631606,False,0,0,0,False,0,False,0,0,0,0,0,0,False,0,0,0,0,0,False,0,0,0,False,0
2021-10-25 12:25:47.778,False,0,0,0,0,0,0,True,0,0,0,0.33209193,0.36555547,False,0,0,0,False,0,False,0,0,0,0,0,0,False,0,0,0,0,0,False,0,0,0,False,0
2021-10-25 12:25:47.808,False,0,0,0,0,0,0,True,0,0,0,0.33107802,0.36749032,False,0,0,0,False,0,False,0,0,0,0,0,0,False,0,0,0,0,0,False,0,0,0,False,0
2021-10-25 12:25:47.838,False,0,0,0,0,0,0,True,0,0,0,0.3331866,0.36934796,False,0,0,0,False,0,False,0,0,0,0,0,0,False,0,0,0,0,0,False,0,0,0,False,0
2021-10-25 12:25:47.868,False,0,0,0,0,0,0,True,0,0,0,0.3353815,0.37089926,False,0,0,0,False,0,False,0,0,0,0,0,0,False,0,0,0,0,0,False,0,0,0,False,0
2021-10-25 12:25:47.898,False,0,0,0,0,0,0,True,0,0,0,0.3372327,0.37257695,False,0,0,0,False,0,False,0,0,0,0,0,0,False,0,0,0,0,0,False,0,0,0,False,0
2021-10-25 12:25:47.929,False,0,0,0,0,0,0,True,0,0,0,0.3391323,0.37428778,False,0,0,0,False,0,False,0,0,0,0,0,0,False,0,0,0,0,0,False,0,0,0,False,0
2021-10-25 12:25:47.959,False,0,0,0,0,0,0,True,0,0,0,0.34038123,0.37510335,False,0,0,0,False,0,False,0,0,0,0,0,0,False,0,0,0,0,0,False,0,0,0,False,0
2021-10-25 12:25:47.989,False,0,0,0,0,0,0,True,0,0,0,0.34139776,0.37619168,False,0,0,0,False,0,False,0,0,0,0,0,0,False,0,0,0,0,0,False,0,0,0,False,0
2021-10-25 12:25:48.019,False,0,0,0,0,0,0,True,0,0,0,0.34232575,0.37624237,False,0,0,0,False,0,False,0,0,0,0,0,0,False,0,0,0,0,0,False,0,0,0,False,0
2021-10-25 12:25:48.049,False,0,0,0,0,0,0,True,0,0,0,0.34336084,0.3716249,False,0,0,0,False,0,False,0,0,0,0,0,0,False,0,0,0,0,0,False,0,0,0,False,0
2021-10-25 12:25:48.079,False,0,0,0,0,0,0,True,0,0,0,0.34487462,0.34668484,False,0,0,0,False,0,False,0,0,0,0,0,0,False,0,0,0,0,0,False,0,0,0,False,0
2021-10-25 12:25:48.110,False,0,0,0,0,0,0,True,0,0,0,0.34744066,0.30346194,False,0,0,0,False,0,False,0,0,0,0,0,0,False,0,0,0,0,0,False,0,0,0,False,0
2021-10-25 12:25:48.140,False,0,0,0,0,0,0,True,0,0,0,0.3498675,0.26657903,False,0,0,0,False,0,False,0,0,0,0,0,0,False,0,0,0,0,0,False,0,0,0,False,0
2021-10-25 12:25:48.170,False,0,0,0,0,0,0,True,0,0,0,0.3510871,0.24095103,False,0,0,0,False,0,False,0,0,0,0,0,0,False,0,0,0,0,0,False,0,0,0,False,0
2021-10-25 12:25:48.200,False,0,0,0,0,0,0,True,0,0,0,0.35184735,0.22572842,False,0,0,0,False,0,False,0,0,0,0,0,0,False,0,0,0,0,0,False,0,0,0,False,0
2021-10-25 12:25:48.231,False,0,0,0,0,0,0,True,0,0,0,0.3524277,0.21542966,False,0,0,0,False,0,False,0,0,0,0,0,0,False,0,0,0,0,0,False,0,0,0,False,0
2021-10-25 12:25:48.261,False,0,0,0,0,0,0,True,0,0,0,0.3530853,0.20923194,False,0,0,0,False,0,False,0,0,0,0,0,0,False,0,0,0,0,0,False,0,0,0,False,0
2021-10-25 12:25:48.291,False,0,0,0,0,0,0,True,0,0,0,0.35313582,0.20538443,False,0,0,0,False,0,False,0,0,0,0,0,0,False,0,0,0,0,0,False,0,0,0,False,0
2021-10-25 12:25:48.322,False,0,0,0,0,0,0,True,0,0,0,0.35313386,0.20269996,False,0,0,0,False,0,False,0,0,0,0,0,0,False,0,0,0,0,0,False,0,0,0,False,0
2021-10-25 12:25:48.352,False,0,0,0,0,0,0,True,0,0,0,0.35294205,0.20045966,False,0,0,0,False,0,False,0,0,0,0,0,0,False,0,0,0,0,0,False,0,0,0,False,0
2021-10-25 12:25:48.382,False,0,0,0,0,0,0,True,0,0,0,0.35228068,0.19890866,False,0,0,0,False,0,False,0,0,0,0,0,0,False,0,0,0,0,0,False,0,0,0,False,0
2021-10-25 12:25:48.412,False,0,0,0,0,0,0,True,0,0,0,0.35060132,0.19833934,False,0,0,0,False,0,False,0,0,0,0,0,0,False,0,0,0,0,0,False,0,0,0,False,0
2021-10-25 12:25:48.442,False,0,0,0,0,0,0,True,0,0,0,0.34933093,0.19744582,False,0,0,0,False,0,False,0,0,0,0,0,0,False,0,0,0,0,0,False,0,0,0,False,0
2021-10-25 12:25:48.473,False,0,0,0,0,0,0,True,0,0,0,0.3480867,0.19666292,False,0,0,0,False,0,False,0,0,0,0,0,0,False,0,0,0,0,0,False,0,0,0,False,0
2021-10-25 12:25:48.502,False,0,0,0,0,0,0,True,0,0,0,0.3472525,0.19643058,False,0,0,0,False,0,False,0,0,0,0,0,0,False,0,0,0,0,0,False,0,0,0,False,0
2021-10-25 12:25:48.533,False,0,0,0,0,0,0,True,0,0,0,0.3466789,0.19605748,False,0,0,0,False,0,False,0,0,0,0,0,0,False,0,0,0,0,0,False,0,0,0,False,0
2021-10-25 12:25:48.563,False,0,0,0,0,0,0,True,0,0,0,0.34846282,0.19560157,False,0,0,0,False,0,False,0,0,0,0,0,0,False,0,0,0,0,0,False,0,0,0,False,0
2021-10-25 12:25:48.593,False,0,0,0,0,0,0,True,0,0,0,0.37398785,0.19341296,False,0,0,0,False,0,False,0,0,0,0,0,0,False,0,0,0,0,0,False,0,0,0,False,0
2021-10-25 12:25:48.623,False,0,0,0,0,0,0,True,0,0,0,0.4121602,0.19147232,False,0,0,0,False,0,False,0,0,0,0,0,0,False,0,0,0,0,0,False,0,0,0,False,0
2021-10-25 12:25:48.653,False,0,0,0,0,0,0,True,0,0,0,0.44480258,0.1909659,False,0,0,0,False,0,False,0,0,0,0,0,0,False,0,0,0,0,0,False,0,0,0,False,0
2021-10-25 12:25:48.683,False,0,0,0,0,0,0,True,0,0,0,0.468821,0.18968147,False,0,0,0,False,0,False,0,0,0,0,0,0,False,0,0,0,0,0,False,0,0,0,False,0
2021-10-25 12:25:48.714,False,0,0,0,0,0,0,True,0,0,0,0.48437795,0.18808296,False,0,0,0,False,0,False,0,0,0,0,0,0,False,0,0,0,0,0,False,0,0,0,False,0
2021-10-25 12:25:48.744,False,0,0,0,0,0,0,True,0,0,0,0.49493885,0.18843141,False,0,0,0,False,0,False,0,0,0,0,0,0,False,0,0,0,0,0,False,0,0,0,False,0
2021-10-25 12:25:48.774,False,0,0,0,0,0,0,True,0,0,0,0.5011263,0.18802199,False,0,0,0,False,0,False,0,0,0,0,0,0,False,0,0,0,0,0,False,0,0,0,False,0
2021-10-25 12:25:48.805,False,0,0,0,0,0,0,True,0,0,0,0.50518835,0.18782006,False,0,0,0,False,0,False,0,0,0,0,0,0,False,0,0,0,0,0,False,0,0,0,False,0
2021-10-25 12:25:48.835,False,0,0,0,0,0,0,True,0,0,0,0.5076077,0.18838689,False,0,0,0,False,0,False,0,0,0,0,0,0,False,0,0,0,0,0,False,0,0,0,False,0
2021-10-25 12:25:48.865,False,0,0,0,0,0,0,True,0,0,0,0.5090766,0.18704553,False,0,0,0,False,0,False,0,0,0,0,0,0,False,0,0,0,0,0,False,0,0,0,False,0
2021-10-25 12:25:48.895,False,0,0,0,0,0,0,True,0,0,0,0.5100969,0.18570955,False,0,0,0,False,0,False,0,0,0,0,0,0,False,0,0,0,0,0,False,0,0,0,False,0
2021-10-25 12:25:48.926,False,0,0,0,0,0,0,True,0,0,0,0.51100403,0.18599436,False,0,0,0,False,0,False,0,0,0,0,0,0,False,0,0,0,0,0,False,0,0,0,False,0
2021-10-25 12:25:48.956,False,0,0,0,0,0,0,True,0,0,0,0.51191616,0.18621016,False,0,0,0,False,0,False,0,0,0,0,0,0,False,0,0,0,0,0,False,0,0,0,False,0
2021-10-25 12:25:48.986,False,0,0,0,0,0,0,True,0,0,0,0.51237255,0.18701899,False,0,0,0,False,0,False,0,0,0,0,0,0,False,0,0,0,0,0,False,0,0,0,False,0
2021-10-25 12:25:49.016,False,0,0,0,0,0,0,True,0,0,0,0.5126457,0.18705574,False,0,0,0,False,0,False,0,0,0,0,0,0,False,0,0,0,0,0,False,0,0,0,False,0
2021-10-25 12:25:49.046,False,0,0,0,0,0,0,True,0,0,0,0.5126708,0.18749297,False,0,0,0,False,0,False,0,0,0,0,0,0,False,0,0,0,0,0,False,0,0,0,False,0
2021-10-25 12:25:49.077,False,0,0,0,0,0,0,True,0,0,0,0.51280594,0.18804657,False,0,0,0,False,0,False,0,0,0,0,0,0,False,0,0,0,0,0,False,0,0,0,False,0
2021-10-25 12:25:49.107,False,0,0,0,0,0,0,True,0,0,0,0.51149094,0.18885255,False,0,0,0,False,0,False,0,0,0,0,0,0,False,0,0,0,0,0,False,0,0,0,False,0
2021-10-25 12:25:49.137,False,0,0,0,0,0,0,True,0,0,0,0.49468732,0.18964164,False,0,0,0,False,0,False,0,0,0,0,0,0,False,0,0,0,0,0,False,0,0,0,False,0
2021-10-25 12:25:49.167,False,0,0,0,0,0,0,True,0,0,0,0.4612027,0.19070996,False,0,0,0,False,0,False,0,0,0,0,0,0,False,0,0,0,0,0,False,0,0,0,False,0
2021-10-25 12:25:49.197,False,0,0,0,0,0,0,True,0,0,0,0.42937452,0.19106457,False,0,0,0,False,0,False,0,0,0,0,0,0,False,0,0,0,0,0,False,0,0,0,False,0
2021-10-25 12:25:49.228,False,0,0,0,0,0,0,True,0,0,0,0.40510476,0.19253439,False,0,0,0,False,0,False,0,0,0,0,0,0,False,0,0,0,0,0,False,0,0,0,False,0
2021-10-25 12:25:49.258,False,0,0,0,0,0,0,True,0,0,0,0.3896801,0.19304219,False,0,0,0,False,0,False,0,0,0,0,0,0,False,0,0,0,0,0,False,0,0,0,False,0
2021-10-25 12:25:49.288,False,0,0,0,0,0,0,True,0,0,0,0.3796438,0.19359961,False,0,0,0,False,0,False,0,0,0,0,0,0,False,0,0,0,0,0,False,0,0,0,False,0
2021-10-25 12:25:49.318,False,0,0,0,0,0,0,True,0,0,0,0.37241635,0.19193012,False,0,0,0,False,0,False,0,0,0,0,0,0,False,0,0,0,0,0,False,0,0,0,False,0
2021-10-25 12:25:49.348,False,0,0,0,0,0,0,True,0,0,0,0.3680025,0.19148126,False,0,0,0,False,0,False,0,0,0,0,0,0,False,0,0,0,0,0,False,0,0,0,False,0
2021-10-25 12:25:49.379,False,0,0,0,0,0,0,True,0,0,0,0.36481994,0.19129018,False,0,0,0,False,0,False,0,0,0,0,0,0,False,0,0,0,0,0,False,0,0,0,False,0
2021-10-25 12:25:49.409,False,0,0,0,0,0,0,True,0,0,0,0.3589816,0.19246174,False,0,0,0,False,0,False,0,0,0,0,0,0,False,0,0,0,0,0,False,0,0,0,False,0
2021-10-25 12:25:49.439,False,0,0,0,0,0,0,True,0,0,0,0.3544013,0.19265312,False,0,0,0,False,0,False,0,0,0,0,0,0,False,0,0,0,0,0,False,0,0,0,False,0
2021-10-25 12:25:49.470,False,0,0,0,0,0,0,True,0,0,0,0.35081953,0.19307463,False,0,0,0,False,0,False,0,0,0,0,0,0,False,0,0,0,0,0,False,0,0,0,False,0
2021-10-25 12:25:49.500,False,0,0,0,0,0,0,True,0,0,0,0.3483199,0.1933188,False,0,0,0,False,0,False,0,0,0,0,0,0,False,0,0,0,0,0,False,0,0,0,False,0
2021-10-25 12:25:49.530,False,0,0,0,0,0,0,True,0,0,0,0.34601498,0.19477043,False,0,0,0,False,0,False,0,0,0,0,0,0,False,0,0,0,0,0,False,0,0,0,False,0
2021-10-25 12:25:49.560,False,0,0,0,0,0,0,True,0,0,0,0.34433025,0.19430661,False,0,0,0,False,0,False,0,0,0,0,0,0,False,0,0,0,0,0,False,0,0,0,False,0
2021-10-25 12:25:49.590,False,0,0,0,0,0,0,True,0,0,0,0.3427943,0.19499949,False,0,0,0,False,0,False,0,0,0,0,0,0,False,0,0,0,0,0,False,0,0,0,False,0
2021-10-25 12:25:49.620,False,0,0,0,0,0,0,True,0,0,0,0.34183002,0.19564591,False,0,0,0,False,0,False,0,0,0,0,0,0,False,0,0,0,0,0,False,0,0,0,False,0
2021-10-25 12:25:49.651,False,0,0,0,0,0,0,True,0,0,0,0.34104133,0.19572413,False,0,0,0,False,0,False,0,0,0,0,0,0,False,0,0,0,0,0,False,0,0,0,False,0
2021-10-25 12:25:49.681,False,0,0,0,0,0,0,True,0,0,0,0.34058374,0.19619656,False,0,0,0,False,0,False,0,0,0,0,0,0,False,0,0,0,0,0,False,0,0,0,False,0
2021-10-25 12:25:49.711,False,0,0,0,0,0,0,True,0,0,0,0.34020224,0.19594274,False,0,0,0,False,0,False,0,0,0,0,0,0,False,0,0,0,0,0,False,0,0,0,False,0
2021-10-25 12:25:49.741,False,0,0,0,0,0,0,True,0,0,0,0.33981326,0.19552478,False,0,0,0,False,0,False,0,0,0,0,0,0,False,0,0,0,0,0,False,0,0,0,False,0
2021-10-25 12:25:49.772,False,0,0,0,0,0,0,True,0,0,0,0.3394131,0.19517484,False,0,0,0,False,0,False,0,0,0,0,0,0,False,0,0,0,0,0,False,0,0,0,False,0
2021-10-25 12:25:49.802,False,0,0,0,0,0,0,True,0,0,0,0.3389257,0.1968224,False,0,0,0,False,0,False,0,0,0,0,0,0,False,0,0,0,0,0,False,0,0,0,False,0
2021-10-25 12:25:49.832,False,0,0,0,0,0,0,True,0,0,0,0.33876583,0.2218579,False,0,0,0,False,0,False,0,0,0,0,0,0,False,0,0,0,0,0,False,0,0,0,False,0
2021-10-25 12:25:49.862,False,0,0,0,0,0,0,True,0,0,0,0.3388388,0.25929096,False,0,0,0,False,0,False,0,0,0,0,0,0,False,0,0,0,0,0,False,0,0,0,False,0
2021-10-25 12:25:49.892,False,0,0,0,0,0,0,True,0,0,0,0.33910257,0.29253203,False,0,0,0,False,0,False,0,0,0,0,0,0,False,0,0,0,0,0,False,0,0,0,False,0
2021-10-25 12:25:49.922,False,0,0,0,0,0,0,True,0,0,0,0.33888632,0.31860584,False,0,0,0,False,0,False,0,0,0,0,0,0,False,0,0,0,0,0,False,0,0,0,False,0
2021-10-25 12:25:49.952,False,0,0,0,0,0,0,True,0,0,0,0.33801222,0.33324212,False,0,0,0,False,0,False,0,0,0,0,0,0,False,0,0,0,0,0,False,0,0,0,False,0
2021-10-25 12:25:49.983,False,0,0,0,0,0,0,True,0,0,0,0.33722252,0.34218216,False,0,0,0,False,0,False,0,0,0,0,0,0,False,0,0,0,0,0,False,0,0,0,False,0
2021-10-25 12:25:50.013,False,0,0,0,0,0,0,True,0,0,0,0.33748734,0.34723842,False,0,0,0,False,0,False,0,0,0,0,0,0,False,0,0,0,0,0,False,0,0,0,False,0
2021-10-25 12:25:50.043,False,0,0,0,0,0,0,True,0,0,0,0.33744287,0.35166788,False,0,0,0,False,0,False,0,0,0,0,0,0,False,0,0,0,0,0,False,0,0,0,False,0
2021-10-25 12:25:50.073,False,0,0,0,0,0,0,True,0,0,0,0.3385486,0.35456353,False,0,0,0,False,0,False,0,0,0,0,0,0,False,0,0,0,0,0,False,0,0,0,False,0
2021-10-25 12:25:50.104,False,0,0,0,0,0,0,True,0,0,0,0.33923757,0.35814565,False,0,0,0,False,0,False,0,0,0,0,0,0,False,0,0,0,0,0,False,0,0,0,False,0
2021-10-25 12:25:50.134,False,0,0,0,0,0,0,True,0,0,0,0.3404326,0.36056218,False,0,0,0,False,0,False,0,0,0,0,0,0,False,0,0,0,0,0,False,0,0,0,False,0
2021-10-25 12:25:50.164,False,0,0,0,0,0,0,True,0,0,0,0.34051883,0.36058936,False,0,0,0,False,0,False,0,0,0,0,0,0,False,0,0,0,0,0,False,0,0,0,False,0
2021-10-25 12:25:50.195,False,0,0,0,0,0,0,True,0,0,0,0.34060085,0.3602218,False,0,0,0,False,0,False,0,0,0,0,0,0,False,0,0,0,0,0,False,0,0,0,False,0
2021-10-25 12:25:50.224,False,0,0,0,0,0,0,True,0,0,0,0.3407398,0.36083898,False,0,0,0,False,0,False,0,0,0,0,0,0,False,0,0,0,0,0,False,0,0,0,False,0
2021-10-25 12:25:50.255,False,0,0,0,0,0,0,True,0,0,0,0.34079605,0.36065954,False,0,0,0,False,0,False,0,0,0,0,0,0,False,0,0,0,0,0,False,0,0,0,False,0
2021-10-25 12:25:50.285,False,0,0,0,0,0,0,True,0,0,0,0.3408649,0.36057878,False,0,0,0,False,0,False,0,0,0,0,0,0,False,0,0,0,0,0,False,0,0,0,False,0
2021-10-25 12:25:50.316,False,0,0,0,0,0,0,True,0,0,0,0.34079385,0.35572794,False,0,0,0,False,0,False,0,0,0,0,0,0,False,0,0,0,0,0,False,0,0,0,False,0
2021-10-25 12:25:50.345,False,0,0,0,0,0,0,True,0,0,0,0.3403769,0.3304093,False,0,0,0,False,0,False,0,0,0,0,0,0,False,0,0,0,0,0,False,0,0,0,False,0
2021-10-25 12:25:50.375,False,0,0,0,0,0,0,True,0,0,0,0.33979726,0.2977734,False,0,0,0,False,0,False,0,0,0,0,0,0,False,0,0,0,0,0,False,0,0,0,False,0
2021-10-25 12:25:50.406,False,0,0,0,0,0,0,True,0,0,0,0.3389879,0.26982898,False,0,0,0,False,0,False,0,0,0,0,0,0,False,0,0,0,0,0,False,0,0,0,False,0
2021-10-25 12:25:50.436,False,0,0,0,0,0,0,True,0,0,0,0.33941957,0.24985573,False,0,0,0,False,0,False,0,0,0,0,0,0,False,0,0,0,0,0,False,0,0,0,False,0
2021-10-25 12:25:50.466,False,0,0,0,0,0,0,True,0,0,0,0.33948606,0.23732299,False,0,0,0,False,0,False,0,0,0,0,0,0,False,0,0,0,0,0,False,0,0,0,False,0
2021-10-25 12:25:50.497,False,0,0,0,0,0,0,True,0,0,0,0.3396021,0.22643831,False,0,0,0,False,0,False,0,0,0,0,0,0,False,0,0,0,0,0,False,0,0,0,False,0
2021-10-25 12:25:50.527,False,0,0,0,0,0,0,True,0,0,0,0.33949602,0.22164948,False,0,0,0,False,0,False,0,0,0,0,0,0,False,0,0,0,0,0,False,0,0,0,False,0
2021-10-25 12:25:50.557,False,0,0,0,0,0,0,True,0,0,0,0.3391286,0.21964133,False,0,0,0,False,0,False,0,0,0,0,0,0,False,0,0,0,0,0,False,0,0,0,False,0
2021-10-25 12:25:50.587,False,0,0,0,0,0,0,True,0,0,0,0.33875865,0.21810356,False,0,0,0,False,0,False,0,0,0,0,0,0,False,0,0,0,0,0,False,0,0,0,False,0
2021-10-25 12:25:50.618,False,0,0,0,0,0,0,True,0,0,0,0.33861125,0.21639788,False,0,0,0,False,0,False,0,0,0,0,0,0,False,0,0,0,0,0,False,0,0,0,False,0
2021-10-25 12:25:50.647,False,0,0,0,0,0,0,True,0,0,0,0.3386163,0.21476316,False,0,0,0,False,0,False,0,0,0,0,0,0,False,0,0,0,0,0,False,0,0,0,False,0
2021-10-25 12:25:50.678,False,0,0,0,0,0,0,True,0,0,0,0.33850288,0.21343163,False,0,0,0,False,0,False,0,0,0,0,0,0,False,0,0,0,0,0,False,0,0,0,False,0
2021-10-25 12:25:50.708,False,0,0,0,0,0,0,True,0,0,0,0.3380213,0.2123748,False,0,0,0,False,0,False,0,0,0,0,0,0,False,0,0,0,0,0,False,0,0,0,False,0
2021-10-25 12:25:50.738,False,0,0,0,0,0,0,True,0,0,0,0.33809265,0.21151136,False,0,0,0,False,0,False,0,0,0,0,0,0,False,0,0,0,0,0,False,0,0,0,False,0
2021-10-25 12:25:50.768,False,0,0,0,0,0,0,True,0,0,0,0.337977,0.21052715,False,0,0,0,False,0,False,0,0,0,0,0,0,False,0,0,0,0,0,False,0,0,0,False,0
2021-10-25 12:25:50.798,False,0,0,0,0,0,0,True,0,0,0,0.33806098,0.20923817,False,0,0,0,False,0,False,0,0,0,0,0,0,False,0,0,0,0,0,False,0,0,0,False,0
2021-10-25 12:25:50.828,False,0,0,0,0,0,0,True,0,0,0,0.33798194,0.2076379,False,0,0,0,False,0,False,0,0,0,0,0,0,False,0,0,0,0,0,False,0,0,0,False,0
2021-10-25 12:25:50.858,False,0,0,0,0,0,0,True,0,0,0,0.33791342,0.20612179,False,0,0,0,False,0,False,0,0,0,0,0,0,False,0,0,0,0,0,False,0,0,0,False,0
2021-10-25 12:25:50.889,False,0,0,0,0,0,0,True,0,0,0,0.3380287,0.20428818,False,0,0,0,False,0,False,0,0,0,0,0,0,False,0,0,0,0,0,False,0,0,0,False,0
2021-10-25 12:25:50.919,False,0,0,0,0,0,0,True,0,0,0,0.3379428,0.20299444,False,0,0,0,False,0,False,0,0,0,0,0,0,False,0,0,0,0,0,False,0,0,0,False,0
2021-10-25 12:25:50.950,False,0,0,0,0,0,0,True,0,0,0,0.33802518,0.20226145,False,0,0,0,False,0,False,0,0,0,0,0,0,False,0,0,0,0,0,False,0,0,0,False,0
2021-10-25 12:25:50.982,False,0,0,0,0,0,0,True,0,0,0,0.33892286,0.215171,False,0,0,0,False,0,False,0,0,0,0,0,0,False,0,0,0,0,0,False,0,0,0,False,0
2021-10-25 12:25:51.009,False,0,0,0,0,0,0,True,0,0,0,0.34141177,0.2502234,False,0,0,0,False,0,False,0,0,0,0,0,0,False,0,0,0,0,0,False,0,0,0,False,0
2021-10-25 12:25:51.040,False,0,0,0,0,0,0,True,0,0,0,0.34335148,0.28572053,False,0,0,0,False,0,False,0,0,0,0,0,0,False,0,0,0,0,0,False,0,0,0,False,0
2021-10-25 12:25:51.070,False,0,0,0,0,0,0,True,0,0,0,0.3452294,0.312446,False,0,0,0,False,0,False,0,0,0,0,0,0,False,0,0,0,0,0,False,0,0,0,False,0
2021-10-25 12:25:51.100,False,0,0,0,0,0,0,True,0,0,0,0.34679925,0.33116597,False,0,0,0,False,0,False,0,0,0,0,0,0,False,0,0,0,0,0,False,0,0,0,False,0
2021-10-25 12:25:51.130,False,0,0,0,0,0,0,True,0,0,0,0.34710687,0.34087554,False,0,0,0,False,0,False,0,0,0,0,0,0,False,0,0,0,0,0,False,0,0,0,False,0
2021-10-25 12:25:51.161,False,0,0,0,0,0,0,True,0,0,0,0.34729794,0.3455726,False,0,0,0,False,0,False,0,0,0,0,0,0,False,0,0,0,0,0,False,0,0,0,False,0
2021-10-25 12:25:51.191,False,0,0,0,0,0,0,True,0,0,0,0.3476326,0.35191897,False,0,0,0,False,0,False,0,0,0,0,0,0,False,0,0,0,0,0,False,0,0,0,False,0
2021-10-25 12:25:51.221,False,0,0,0,0,0,0,True,0,0,0,0.34792453,0.35632133,False,0,0,0,False,0,False,0,0,0,0,0,0,False,0,0,0,0,0,False,0,0,0,False,0
2021-10-25 12:25:51.251,False,0,0,0,0,0,0,True,0,0,0,0.34793368,0.35928047,False,0,0,0,False,0,False,0,0,0,0,0,0,False,0,0,0,0,0,False,0,0,0,False,0
2021-10-25 12:25:51.281,False,0,0,0,0,0,0,True,0,0,0,0.34828916,0.36225346,False,0,0,0,False,0,False,0,0,0,0,0,0,False,0,0,0,0,0,False,0,0,0,False,0
2021-10-25 12:25:51.311,False,0,0,0,0,0,0,True,0,0,0,0.3481763,0.3629754,False,0,0,0,False,0,False,0,0,0,0,0,0,False,0,0,0,0,0,False,0,0,0,False,0
2021-10-25 12:25:51.342,False,0,0,0,0,0,0,True,0,0,0,0.34820753,0.36417082,False,0,0,0,False,0,False,0,0,0,0,0,0,False,0,0,0,0,0,False,0,0,0,False,0
2021-10-25 12:25:51.372,False,0,0,0,0,0,0,True,0,0,0,0.34851757,0.3657449,False,0,0,0,False,0,False,0,0,0,0,0,0,False,0,0,0,0,0,False,0,0,0,False,0
2021-10-25 12:25:51.402,False,0,0,0,0,0,0,True,0,0,0,0.34839654,0.36604506,False,0,0,0,False,0,False,0,0,0,0,0,0,False,0,0,0,0,0,False,0,0,0,False,0
2021-10-25 12:25:51.432,False,0,0,0,0,0,0,True,0,0,0,0.34833294,0.36614823,False,0,0,0,False,0,False,0,0,0,0,0,0,False,0,0,0,0,0,False,0,0,0,False,0
2021-10-25 12:25:51.463,False,0,0,0,0,0,0,True,0,0,0,0.34823543,0.36620548,False,0,0,0,False,0,False,0,0,0,0,0,0,False,0,0,0,0,0,False,0,0,0,False,0
2021-10-25 12:25:51.493,False,0,0,0,0,0,0,True,0,0,0,0.34849375,0.36659545,False,0,0,0,False,0,False,0,0,0,0,0,0,False,0,0,0,0,0,False,0,0,0,False,0
2021-10-25 12:25:51.523,False,0,0,0,0,0,0,True,0,0,0,0.34856355,0.36702073,False,0,0,0,False,0,False,0,0,0,0,0,0,False,0,0,0,0,0,False,0,0,0,False,0
2021-10-25 12:25:51.553,False,0,0,0,0,0,0,True,0,0,0,0.34866452,0.36730832,False,0,0,0,False,0,False,0,0,0,0,0,0,False,0,0,0,0,0,False,0,0,0,False,0
2021-10-25 12:25:51.584,False,0,0,0,0,0,0,True,0,0,0,0.34845644,0.36712623,False,0,0,0,False,0,False,0,0,0,0,0,0,False,0,0,0,0,0,False,0,0,0,False,0
2021-10-25 12:25:51.614,False,0,0,0,0,0,0,True,0,0,0,0.34831804,0.36696374,False,0,0,0,False,0,False,0,0,0,0,0,0,False,0,0,0,0,0,False,0,0,0,False,0
2021-10-25 12:25:51.644,False,0,0,0,0,0,0,True,0,0,0,0.34831953,0.36681002,False,0,0,0,False,0,False,0,0,0,0,0,0,False,0,0,0,0,0,False,0,0,0,False,0
2021-10-25 12:25:51.674,False,0,0,0,0,0,0,True,0,0,0,0.3482237,0.3666039,False,0,0,0,False,0,False,0,0,0,0,0,0,False,0,0,0,0,0,False,0,0,0,False,0
2021-10-25 12:25:51.705,False,0,0,0,0,0,0,True,0,0,0,0.34822467,0.36664155,False,0,0,0,False,0,False,0,0,0,0,0,0,False,0,0,0,0,0,False,0,0,0,False,0
2021-10-25 12:25:51.734,False,0,0,0,0,0,0,True,0,0,0,0.34821546,0.36667335,False,0,0,0,False,0,False,0,0,0,0,0,0,False,0,0,0,0,0,False,0,0,0,False,0
2021-10-25 12:25:51.764,False,0,0,0,0,0,0,True,0,0,0,0.34816056,0.36635154,False,0,0,0,False,0,False,0,0,0,0,0,0,False,0,0,0,0,0,False,0,0,0,False,0
2021-10-25 12:25:51.795,False,0,0,0,0,0,0,True,0,0,0,0.3481319,0.36631316,False,0,0,0,False,0,False,0,0,0,0,0,0,False,0,0,0,0,0,False,0,0,0,False,0
2021-10-25 12:25:51.825,False,0,0,0,0,0,0,True,0,0,0,0.34805453,0.36642066,False,0,0,0,False,0,False,0,0,0,0,0,0,False,0,0,0,0,0,False,0,0,0,False,0
2021-10-25 12:25:51.855,False,0,0,0,0,0,0,True,0,0,0,0.3479673,0.3662932,False,0,0,0,False,0,False,0,0,0,0,0,0,False,0,0,0,0,0,False,0,0,0,False,0
2021-10-25 12:25:51.886,False,0,0,0,0,0,0,True,0,0,0,0.3479365,0.3660509,False,0,0,0,False,0,False,0,0,0,0,0,0,False,0,0,0,0,0,False,0,0,0,False,0
2021-10-25 12:25:51.916,False,0,0,0,0,0,0,True,0,0,0,0.3477949,0.36591393,False,0,0,0,False,0,False,0,0,0,0,0,0,False,0,0,0,0,0,False,0,0,0,False,0
2021-10-25 12:25:51.946,False,0,0,0,0,0,0,True,0,0,0,0.34765634,0.36550498,False,0,0,0,False,0,False,0,0,0,0,0,0,False,0,0,0,0,0,False,0,0,0,False,0
2021-10-25 12:25:51.976,False,0,0,0,0,0,0,True,0,0,0,0.3476631,0.36511195,False,0,0,0,False,0,False,0,0,0,0,0,0,False,0,0,0,0,0,False,0,0,0,False,0
2021-10-25 12:25:52.007,False,0,0,0,0,0,0,True,0,0,0,0.34761968,0.3647567,False,0,0,0,False,0,False,0,0,0,0,0,0,False,0,0,0,0,0,False,0,0,0,False,0
2021-10-25 12:25:52.037,False,0,0,0,0,0,0,True,0,0,0,0.34753177,0.3646375,False,0,0,0,False,0,False,0,0,0,0,0,0,False,0,0,0,0,0,False,0,0,0,False,0
2021-10-25 12:25:52.067,False,0,0,0,0,0,0,True,0,0,0,0.34745875,0.36460525,False,0,0,0,False,0,False,0,0,0,0,0,0,False,0,0,0,0,0,False,0,0,0,False,0
2021-10-25 12:25:52.097,False,0,0,0,0,0,0,True,0,0,0,0.34739697,0.36438814,False,0,0,0,False,0,False,0,0,0,0,0,0,False,0,0,0,0,0,False,0,0,0,False,0
2021-10-25 12:25:52.127,False,0,0,0,0,0,0,True,0,0,0,0.3472908,0.3642317,False,0,0,0,False,0,False,0,0,0,0,0,0,False,0,0,0,0,0,False,0,0,0,False,0
2021-10-25 12:25:52.157,False,0,0,0,0,0,0,True,0,0,0,0.347206,0.36420184,False,0,0,0,False,0,False,0,0,0,0,0,0,False,0,0,0,0,0,False,0,0,0,False,0
2021-10-25 12:25:52.188,False,0,0,0,0,0,0,True,0,0,0,0.3471128,0.36405942,False,0,0,0,False,0,False,0,0,0,0,0,0,False,0,0,0,0,0,False,0,0,0,False,0
